<?xml version="1.0" encoding="UTF-8"?>
<beans xmlns="http://www.springframework.org/schema/beans"
	xmlns:context="http://www.springframework.org/schema/context"
	xmlns:xsi="http://www.w3.org/2001/XMLSchema-instance"
	xmlns:tx="http://www.springframework.org/schema/tx"
	xmlns:aop="http://www.springframework.org/schema/aop"
	xsi:schemaLocation="http://www.springframework.org/schema/beans http://www.springframework.org/schema/beans/spring-beans.xsd
		http://www.springframework.org/schema/context http://www.springframework.org/schema/context/spring-context.xsd
		http://www.springframework.org/schema/aop http://www.springframework.org/schema/aop/spring-aop-4.3.xsd
		http://www.springframework.org/schema/tx http://www.springframework.org/schema/tx/spring-tx-4.3.xsd">

	<!-- Root Context: defines shared resources visible to all other web components -->

	<!-- config파일 자동 로드 location="classpath:database.properties" /! -->
	<context:property-placeholder
		location="/config/*.properties" />


	<bean id="internalResourceViewResolver"
		class="org.springframework.web.servlet.view.InternalResourceViewResolver">
		<property name="prefix">
			<value>/WEB-INF/views/</value>
		</property>
		<property name="suffix">
			<value>.jsp</value>
		</property>
	</bean>

	<bean id="hikariConfig" class="com.zaxxer.hikari.HikariConfig">
		<property name="driverClassName"
			value="${spring.datasource.driverClassName}"></property>
		<property name="jdbcUrl" value="${spring.datasource.url}"></property>
		<property name="username"
			value="${spring.datasource.username}"></property>
		<property name="password"
			value="${spring.datasource.password}"></property>
	</bean>

	<bean id="driverManagerDataSource"
		class="com.zaxxer.hikari.HikariDataSource" destroy-method="close">
		<constructor-arg ref="hikariConfig"></constructor-arg>
	</bean>

	<bean id="sqlSessionFactoryBean"
		class="org.mybatis.spring.SqlSessionFactoryBean">
		<property name="dataSource" ref="driverManagerDataSource"></property>
		<property name="mapperLocations" value="classpath*:mapper/*/*xml" />
	</bean>

	<bean id="sqlSession"
		class="org.mybatis.spring.SqlSessionTemplate">
		<constructor-arg index="0" ref="sqlSessionFactoryBean" />
	</bean>

	<bean id="transactionManager" class="org.springframework.jdbc.datasource.DataSourceTransactionManager">
		<property name="dataSource" ref="driverManagerDataSource"></property>
	</bean>
	
	<tx:annotation-driven transaction-manager="transactionManager"/>
	<aop:aspectj-autoproxy></aop:aspectj-autoproxy>
	

	<!-- -->
	<bean id="bCryptPasswordEncoder"
		class="org.springframework.security.crypto.bcrypt.BCryptPasswordEncoder">
		<!-- <constructor-arg name="strength" value="20"></constructor-arg> -->
	</bean>

	<!-- mail relay 허용 -->
	<!-- navermail설정 -->
	<bean id="mailSender"
		class="org.springframework.mail.javamail.JavaMailSenderImpl">
		<property name="host" value="${spring.datasource.emailhost}" /> <!-- 메이서버 호스트 -->
		<property name="port" value="${spring.datasource.emailport}" /> <!-- 메이서버 포트번호 -->
		<property name="username" value="${spring.datasource.emailusername}" /> <!-- 자신의 이메일 아이디 -->
		<property name="password" value="${spring.datasource.emailpassword}" /> <!-- 자신의 비밀번호 -->
		<property name="defaultEncoding" value="utf-8" />
		<!-- 보안연결 SSL과 관련된 설정 -->
		<property name="javaMailProperties">
			<props>
				<prop key="mail.smtp.auth">true</prop>
				<prop key="mail.smtp.starttls.enable">true</prop>
				<prop key="mail.smtps.checkserveridentity">true</prop>
				<prop key="mail.smtps.ssl.enable">true</prop>
				<prop key="mail.smtps.ssl.trust">*</prop>
				<prop key="mail.debug">true</prop>
				<prop key="mail.smtp.socketFactory.class">javax.net.ssl.SSLSocketFactory</prop>
			</props>
		</property>
	</bean>


</beans>
